{
    "experiment_file": "hybrid_pwb.py",
    "parameters": {
        "sigma": [
	1,
	0.5,
	0.48279310344827586,
	0.4655862068965517,
	0.4483793103448276,
	0.43117241379310345,
	0.4139655172413793,
	0.3967586206896552,
	0.37955172413793103,
	0.3623448275862069,
	0.34513793103448276,
	0.3279310344827586,
	0.3107241379310345,
	0.29351724137931035,
	0.2763103448275862,
	0.25910344827586207,
	0.24189655172413793,
	0.2246896551724138,
	0.20748275862068966,
	0.19027586206896552,
	0.17306896551724138,
	0.15586206896551724,
	0.1386551724137931,
	0.12144827586206897,
	0.10424137931034483,
	0.08703448275862069,
	0.06982758620689655,
	0.052620689655172415,
	0.03541379310344828,
	0.01820689655172414,
	0.001
        ],
        "network_type": [
            "quantum",
	    "classical"
        ],
        "num_qumodes": [
            2,
	    3,
            4,
            5 
        ]
    }
}
